Login email;Identifier;First name;Last name
laura@example.com;2070;Laura;Piechowska
Arek@example.com;4081;Arek;Witek
Ania@example.com;9346;Ania;Olczyk
Tomasz@example.com;5079;Tomasz;Kwiatkowski
Darek@example.com;4212;Darek;Cierpi�ski
Magdalena@example.com;3376;Magdalena;Lewandowska
Aleksandra@example.com;6732;Aleksandra;Kloc
Arkadiusz@example.com;8136;Arkadiusz;Krociecki
Hubert@example.com;7473;Hubert;Czarnecki